,src,flight,sched_dep_time,act_dep_time,sched_arr_time,act_arr_time
src,,0.0,0.0,0.0,0.0,0.0
flight,0.0,,0.4118374051206046,0.3062499667406565,0.31146830906029566,0.2806492412902549
sched_dep_time,0.0,0.4885462757883131,,0.1398821440012762,0.3573141872051553,0.1301733582876553
act_dep_time,0.0,0.6441635077561969,0.2540526564798907,,0.19731767934510536,0.39786967820207464
sched_arr_time,0.0,0.5682365457408209,0.5370619577000246,0.16724566104309235,,0.22058182374292445
act_arr_time,0.0,0.7081862886135758,0.2704417280570013,0.4754562145970941,0.28628868652406136,
